name,avg,p95,min,max,stdDev
Direct Hasura hit,6.465825020000011,5.319958000000042,2.708875000000262,146.44091599999956,20.00868105023434
Warm cache hit,1.281987459999982,1.8707500000000437,0.8832910000000993,2.873082999998587,0.3346656077070891
Cold cache hit,5.779825000000128,7.935999999999694,4.2182080000002316,9.262249999999767,1.12362591574496
Bypassing cache,4.583986660000119,5.7329159999990225,3.440416000001278,6.398333999999522,0.659446818061172