name,avg,p95,min,max,stdDev
Direct Hasura hit,22.411777479999984,75.57170899999983,8.557749999999942,104.03704099999959,20.04221998491199
Warm cache hit,1.1535091800002193,1.4775829999998678,0.9448750000010477,1.5499170000002778,0.13480471193756058
Cold cache hit,5.140562480000044,5.780499999998938,4.443709000001036,5.861249999999927,0.3417058196574348
Bypassing cache,4.482813319999841,5.090041999999812,3.7105419999988953,7.702541000000565,0.5616147283342965