name,avg,p95,min,max,stdDev
Direct Hasura hit,2.60694078000015,3.6820000000006985,1.6369580000009591,9.810084000000643,1.1677421610968477
Warm cache hit,1.1027383199999894,1.8132499999992433,0.7896249999994325,2.2224999999998545,0.2800480222902915
Cold cache hit,2.9893800200001714,3.603417000000263,2.3779580000009446,3.9452500000006694,0.3390706778181913
Bypassing cache,2.6055458799997724,3.175999999999476,2.138874999998734,3.482624999998734,0.26361642619498776