name,avg,p95,min,max,stdDev
Direct Hasura hit,1848.9301616599998,2329.0864589999983,1479.6127080000006,2900.3875000000044,245.89775880711053
Warm cache hit,1.3536033600001247,1.9618330000084825,0.8799160000053234,2.6355840000032913,0.3904009198826659
Cold cache hit,1696.070903260001,1778.1550829999906,1607.5208330000169,1828.1919170000183,52.78056840633535
Bypassing cache,1592.2649033600017,1623.7627499999944,1542.3337910000118,1750.2951250000042,28.684276409577546