name,avg,p95,min,max,stdDev
Direct Hasura hit,3.87580414,6.858749999999418,1.437540999999328,30.3676660000001,4.118068005956783
Warm cache hit,2.2616508799999067,2.9445840000007593,1.23345800000061,22.429457999998704,2.931031974380788
Cold cache hit,4.512203299999965,7.854333000001134,2.908459000000221,8.531166999999186,1.1978447924914124
Bypassing cache,3.004148260000184,4.262542000000394,2.3734170000006998,5.564083999999639,0.6018184656510195