name,avg,p95,min,max,stdDev
Direct Hasura hit,47.60007499999997,49.306749999999965,46.03854200000001,49.306749999999965,1.2441363252440678
Warm cache hit,1.8951956999999766,2.79424999999992,1.5436660000000302,2.79424999999992,0.34948188886892634
Cold cache hit,72.65582069999964,75.0289589999993,64.05304200000046,75.0289589999993,3.0254021853413033
Bypassing cache,48.53325840000034,49.67054199999984,47.18854100000135,49.67054199999984,0.6757992308730294