name,avg,p95,min,max,stdDev
Direct Hasura hit,97.22038919999996,102.41083299999991,93.472667,108.74958400000014,2.723416438322101
Warm cache hit,1.497619900000027,2.278416000001016,1.0953749999989668,3.5501249999997526,0.4079881649607153
Cold cache hit,97.39132249999984,100.859375,92.55474999999933,102.38849999999911,1.8201849883113497
Bypassing cache,96.41802005999969,99.7027909999997,93.49945899999875,101.02158300000156,1.541328958068976