name,avg,p95,min,max,stdDev
Direct Hasura hit,43.09010009999993,429.7663749999997,0.033417000000099506,429.7663749999997,128.89211235054907
Warm cache hit,0.01649569999999585,0.030165999999553605,0.009625000000141881,0.030165999999553605,0.007166319153451135